Pipe tag,Minor Loss
L1,15.65640625
L2,7.1249382716
